Contact,AccountId,Salutation,FirstName,LastName,OtherStreet,OtherCity,OtherState,OtherPostalCode,OtherCountry,MailingStreet,MailingCity,MailingState,MailingPostalCode,MailingCountry,Phone,Fax,MobilePhone,HomePhone,OtherPhone,AssistantPhone,Email,Title,Department,AssistantName,LeadSource,tth_Base_Loyalty_Points__c,tth_Loyalty_Program_Number__c,tth_Loyalty_Status__c,tth_Next_Loyalty_Level_Threshold__c,tth_Business_Traveler__c,tth_Medical_Alerts__c,tth_Personal_Traveler__c,tth_preference_air_Pref_Dep_Airport__c,tth_preference_air_Seat__c,tth_preference_air_Seat_Section__c,tth_preference_air_Special_Meals__c,tth_preference_hotel_Accessibility_Needs__c,tth_preference_hotel_Hotel_Amenities__c,tth_preference_hotel_Room_Type__c,tth_preference_hotel_Smoking_Preference__c,tth_preference_rental_Car_Transmission__c,tth_preference_rental_Car_Type__c,tth_preference_rental_Smoking_Preference__c,tth_Traveler_Value_Score__c,tth_VIP_Traveler__c,Cust360_ChurnRisk__c,Cust360_Contact_Picture_URL__c,Cust360_CSAT__c,Cust360_Id__c,Cust360_Metric1__c,Cust360_Metric2__c,tth_Trip_Stage__c,tth_Trip_Sub_Stage__c,tth_Experiencing_Trip_Disruption__c
Contact.001,Account.001,Ms.,Lauren,Boyle,2725 Quarry Rd,Montgomery,PA,19009,United States,12011 Government Center Pkwy,Fairfax,CA,22035,United States,(415) 555-1212,(276) 555-0182,(415) 555-1212,528-490-8868,(415) 555-0191,(415) 555-0150,lboyle@example.com,"SVP, Technology",Operations,Markus Conaway,Cold Call,258000,2110633262,Gold,450000,Yes,,Yes,SFO,Window,Forward,Gluten Free Meal,,Pool;Gym,King,Non-Smoking,Automatic,Compact Car,Non-Smoking,845,Yes,87,/resource/tth_Lauren360Photo,5,687164726-252,Gold,845,PreTrip,"No Future Booking	",0
Contact.002,Account.001,Mr.,Mark,Kingston*,2725 Quarry Rd,Montgomery,PA,19009,United States,12011 Government Center Pkwy,Fairfax,VA,22035,United States,(769) 555-0197,(769) 555-0182,,783-383-8412,(415) 555-0191,(415) 555-0150,mkingston@example.com,Project Manager,Marketing,Laurence Fryer,Cold Call,50693,965 982 8992,Gold,15000,Yes,,No,DCA,Aisle,Exit Row,Low Calorie Meal,,,Twin,Smoking,Manual,Intermediate Car,Smoking,469,No,11,,4,510295289-865,Gold,469,OnTrip,Experiencing Disruption,1
Contact.003,Account.001,Mr.,James,Wu,2725 Quarry Rd,Montgomery,PA,19009,United States,12011 Government Center Pkwy,Fairfax,VA,22035,United States,(274) 555-0197,(274) 555-0182,,475-416-6352,(770) 555-0191,(770) 555-0150,jwu@example.com,VP of Sales,Operations,Adrain Barra,Purchased List,0,,Non-Member,15000,No,,No,DCA,Aisle,Bulkhead,Kosher Meal,,,Queen,Don't Care,Manual,Compact Car,Don't Care,620,Yes,83,,1,608079904-919,Non-Member,620,PostTrip,Positive Sentiment,0
Contact.004,Account.001,Mr.,Bob,Hodges,2725 Quarry Rd,Montgomery,PA,19009,US,2725 Quarry Rd,Montgomery,PA,19009,US,(422) 555-0100,(422) 555-0199,(422) 555-0188,422-578-5922,(422) 555-0191,(422) 555-0150,bhodges@example.com,President and CEO,C-Level,Jean Halsey,Social Media,64311,673 412 6308,Silver,15000,No,,Yes,PHL,Aisle,Forward,Low Calorie Meal,,,Single,Don't Care,Automatic,Intermediate SUV,Don't Care,461,No,28,,4,850428235-727,Silver,461,PreTrip,No Future Booking,0
Contact.005,Account.010,Mr.,Tom,Reseller,6069 NE 49th Ave,Multnomah,OR,97218,United States,500 Battery Street,San Francisco,CA,94105,United States,(344) 555-0197,(344) 555-0182,(344) 555-0144,721-779-3639,(415) 555-0191,(415) 555-0150,treseller@example.com,Account Executive,Sales,Benito Mallory,Social Media,0,,Non-Member,15000,No,,Yes,SFO,Window,Forward,Low Calorie Meal,,,Disability,Smoking,Manual,Compact Car,Smoking,725,Yes,84,,2,829395898-520,Non-Member,725,PreTrip,No Future Booking,0
Contact.006,Account.008,Mr.,Steve,Ideas,,,,,,3418 Poplar Ave,Shelby,TN,38111,United States,(674) 555-0197,(674) 555-0182,(674) 555-0144,,(674) 555-0191,(674) 555-0150,sideas@example.com,VP of Operations,,Katy Highfill,Cold Call,215006,319 456 8869,Bronze,15000,Yes,,Yes,BNA,Aisle,Exit Row,Diabetic Meal,,,Single,Non-Smoking,Manual,Compact Car,Non-Smoking,414,No,70,,2,376138091-773,Bronze,414,OnTrip,Smooth Travels,0
Contact.008,Account.007,Dr.,Sean,Forbes,4191 Tamarus St,Clark,NV,89119,US,4191 Tamarus St,Clark,NV,89119,US,(237) 555-0100,(237) 555-0199,(237) 555-0188,237-396-4506,(237) 555-0191,(237) 555-0150,sforbes@example.com,CFO,C-Level,Shayla Summerfield,Cold Call,348717,814 456 3651,Gold,15000,Yes,,No,LAS,Aisle,Exit Row,Low Calorie Meal,,,Single,Don't Care,Automatic,Intermediate SUV,Don't Care,828,Yes,71,,0,341146234-638,Gold,828,PreTrip,No Future Booking,0
Contact.009,Account.006,Mr.,Sean,Murphy,178 San Jose Ave,Santa Clara,CA,95125,US,178 San Jose Ave,Santa Clara,CA,95125,US,(576) 555-0100,(576) 555-0199,(576) 555-0188,576-275-7558,(576) 555-0191,(576) 555-0150,smurphy@example.com,Program Director,Marketing,Antony Leggett,Social Media,79548,356 461 6591,Silver,15000,No,,No,SFO,Window,Bulkhead,Regular Meal,,,King,Smoking,Don't Care,Intermediate Car,Smoking,553,Yes,75,,2,398065986-867,Silver,553,OnTrip,Experiencing Disruption,1
Contact.010,Account.006,Ms.,Stephanie,Curran,178 San Jose Ave,Santa Clara,CA,95125,US,178 San Jose Ave,Santa Clara,CA,95125,US,(690) 555-0100,(690) 555-0199,(690) 555-0188,690-904-7602,(690) 555-0191,(690) 555-0150,scurran@example.com,VP of Strategy,Business Development,Kent Robert,Cold Call,312007,931 562 7363,Gold,15000,No,,No,LAX,Middle,Bulkhead,Kosher Meal,,,Queen,Non-Smoking,Manual,Any Car Class,Non-Smoking,640,Yes,71,,0,521884690-480,Gold,640,OnTrip,Experiencing Disruption,1
Contact.011,Account.006,Mr.,Steve,Mcdonald,178 San Jose Ave,Santa Clara,CA,95125,US,178 San Jose Ave,Santa Clara,CA,95125,US,(631) 555-0100,(631) 555-0199,(631) 555-0188,631-570-1324,(631) 555-0191,(631) 555-0150,smcdonald@example.com,Chief Information Officer,C-Level,Jason Churchill,Social Media,74042,905 583 9325,Silver,15000,No,,No,LAX,Aisle,Forward,Low Calorie Meal,,,Queen,Smoking,Don't Care,Economy Car,Smoking,434,No,12,,4,453572157-718,Silver,434,OnTrip,Experiencing Disruption,1
Contact.012,Account.006,Mr.,Mark,Metz,178 San Jose Ave,Santa Clara,CA,95125,United States,178 San Jose Ave,Santa Clara,CA,95125,United States,(747) 555-0100,(747) 555-0199,(747) 555-0188,747-784-1873,(747) 555-0191,(747) 555-0150,mmetz@example.com,Chief Executive Officer,C-Level,Adrian Masterson,Cold Call,258739,461 282 9376,Silver,15000,No,,No,LAX,Middle,Rear,Low Calorie Meal,,,Disability,Non-Smoking,Automatic,Any Car Class,Non-Smoking,435,No,16,,4,208648569-935,Silver,435,PostTrip,Positive Sentiment,0
Contact.013,Account.006,Mr.,Keith,Lopez,178 San Jose Ave,Santa Clara,CA,95125,US,178 San Jose Ave,Santa Clara,CA,95125,US,(528) 555-0100,(528) 555-0199,(528) 555-0188,528-389-6767,(528) 555-0191,(528) 555-0150,klopez@example.com,Marketing Manager,Marketing,Nolan Simcox,Cold Call,31916,571 900 9494,Silver,15000,No,,Yes,LAX,Middle,Rear,Fruit Platter,,,King,Non-Smoking,Don't Care,Full-size Car,Non-Smoking,552,Yes,81,,2,284437240-543,Silver,552,PreTrip,No Future Booking,0
Contact.014,Account.006,Mr.,Al,Miller,178 San Jose Ave,Santa Clara,CA,95125,US,178 San Jose Ave,Santa Clara,CA,95125,US,(879) 555-0100,(879) 555-0199,(879) 555-0188,879-396-0181,(879) 555-0191,(879) 555-0150,amiller@example.com,Director of Purchasing,Operations,Gonzalo Rutz,Referral,0,,Non-Member,15000,Yes,,Yes,SFO,Middle,Forward,Regular Meal,,,Queen,Non-Smoking,Manual,Intermediate Car,Non-Smoking,281,No,71,,1,693038003-192,Non-Member,281,PostTrip,Positive Sentiment,0
Contact.015,Account.006,Mr.,Jeff,Kane,178 San Jose Ave,Santa Clara,CA,95125,US,178 San Jose Ave,Santa Clara,CA,95125,US,(385) 555-0100,(385) 555-0199,(385) 555-0188,385-218-7039,(385) 555-0191,(385) 555-0150,jkane@example.com,"Director, Accounting",Finance,Mason Gildersleeve,Social Media,0,,Non-Member,15000,No,,Yes,SFO,Window,Rear,Regular Meal,,,Queen,Don't Care,Automatic,Any Car Class,Don't Care,252,No,73,,2,578299067-388,Non-Member,252,OnTrip,Experiencing Disruption,1
Contact.016,Account.006,Ms.,Kathy,Fitzpatrick,178 San Jose Ave,Santa Clara,CA,95125,US,730 Bounty Dr.,Foster City,CA,94404,US,(231) 555-0100,(231) 555-0199,(231) 555-0188,231-277-8689,(231) 555-0191,(231) 555-0150,kfitzpatrick@example.com,"Director, Human Resources",HR,Ashanti Bader,Referral,0,,Non-Member,15000,Yes,,Yes,LAX,Aisle,Rear,Fruit Platter,,,Queen,Smoking,Don't Care,Economy Car,Smoking,823,Yes,91,,0,476571315-690,Non-Member,823,PostTrip,Positive Sentiment,0
Contact.017,Account.006,Mr.,Ed,Flachbarth,178 San Jose Ave,Santa Clara,CA,95125,US,178 San Jose Ave,Santa Clara,CA,95125,US,(475) 555-0100,(475) 555-0199,(475) 555-0188,475-961-6615,(475) 555-0191,(475) 555-0150,eflachbarth@example.com,Administrative Assistant,Operations,Karissa Gatewood,Social Media,230732,270 267 1997,Bronze,15000,No,,No,LAX,Middle,Exit Row,Diabetic Meal,,,Twin,Don't Care,Manual,Full-size Car,Don't Care,393,No,74,,2,945539241-337,Bronze,393,OnTrip,Smooth Travels,0
Contact.018,Account.010,Ms.,Sarah,Jones,,,,,,240 E 3rd Ave,San Mateo,CA,94401,United States,(794) 555-0153,(794) 555-0182,,,,,sjones@example.com,Account Executive,,,,253988,487 197 8062,Gold,15000,Yes,,No,SFO,Aisle,Rear,Diabetic Meal,,,Disability,Non-Smoking,Manual,Intermediate SUV,Non-Smoking,773,Yes,75,,2,417666983-496,Gold,773,PostTrip,Positive Sentiment,0
Contact.019,Account.027,Mr.,May,Chan,,,,,,6217 Santa Teresa Blvd,San Jose,CA,95119,USA,(537) 555-0153,(537) 555-0182,,,,,mchan@example.com,CFO,,,,0,,Non-Member,15000,Yes,,Yes,SFO,Window,Forward,Low Calorie Meal,,,Single,Smoking,Manual,Intermediate SUV,Smoking,323,No,66,,3,127456228-463,Non-Member,323,PostTrip,Positive Sentiment,0
Contact.020,Account.022,Ms.,Lisa,Jones,47 S Galapago St,Denver,CO,80223,US,47 S Galapago St,Denver,CO,80223,US,(904) 555-0100,(904) 555-0199,(904) 555-0188,904-300-7149,(904) 555-0191,(904) 555-0150,ljones@example.com,Director of Public Relations,Operations,Katy Highfill,Social Media,362712,637 655 5966,Gold,15000,No,,No,DEN,Window,Bulkhead,Diabetic Meal,,,King,Smoking,Manual,Full-size Car,Smoking,572,Yes,78,,0,530875186-936,Gold,572,OnTrip,Experiencing Disruption,1
Contact.021,Account.021,Mr.,Ron,Reid,3262 47th St,San Diego,CA,92105,US,3262 47th St,San Diego,CA,92105,US,(935) 555-0100,(935) 555-0199,(935) 555-0188,935-358-9043,(935) 555-0191,(935) 555-0150,rreid@example.com,"Director, Consulting",Consulting,Ariel Saffold,Social Media,146563,649 795 8660,Silver,15000,Yes,,No,SAN,Aisle,Exit Row,Low Calorie Meal,,,Queen,Don't Care,Automatic,Standard SUV,Don't Care,491,No,74,,1,955214240-530,Silver,491,OnTrip,Experiencing Disruption,1
Contact.022,Account.015,Ms.,Sarah,Jeffries,5815 Fairview Pl N,King,WA,98109,US,5815 Fairview Pl N,King,WA,98109,US,(296) 555-0100,(296) 555-0199,(296) 555-0188,296-276-9024,(296) 555-0191,(296) 555-0150,sjeffries@example.com,"SVP, Marketing Strategy",Marketing,Nicolas Stigall,Cold Call,165030,483 264 8813,Gold,15000,No,,Yes,SEA,Aisle,Forward,Low Calorie Meal,,,Single,Don't Care,Automatic,Economy Car,Don't Care,725,Yes,63,,3,518074457-443,Gold,725,PostTrip,Positive Sentiment,0
Contact.023,Account.020,Mr.,Derek,Rose,6805 15th Ave NW,King,WA,98117,US,6805 15th Ave NW,King,WA,98117,US,(575) 555-0100,(575) 555-0199,(575) 555-0188,575-289-1239,(575) 555-0191,(575) 555-0150,drose@example.com,Credit Manager,Business Development,Stacy Perreault,Cold Call,0,,Non-Member,15000,Yes,,Yes,SEA,Aisle,Exit Row,Regular Meal,,,Queen,Non-Smoking,Don't Care,Any Car Class,Non-Smoking,736,Yes,70,,3,307149655-547,Non-Member,736,PostTrip,Positive Sentiment,0
Contact.024,Account.013,Mr.,Bill,Blau,62 Chatham Pl,San Francisco,CA,94108,US,62 Chatham Pl,San Francisco,CA,94108,US,(867) 555-0100,(867) 555-0199,(867) 555-0188,867-321-5509,(867) 555-0191,(867) 555-0150,bblau@example.com,"VP, IT Operations",IT,Gina Ornelas,Purchased List,316065,785 681 3443,Bronze,15000,No,,Yes,SFO,Aisle,Forward,Kosher Meal,,,Twin,Non-Smoking,Don't Care,Standard SUV,Non-Smoking,547,No,94,,2,143321437-573,Bronze,547,OnTrip,Experiencing Disruption,1
Contact.025,Account.012,Mr.,Jeff,Blay,1678 50th Ave,Alameda,CA,94601,US,1678 50th Ave,Alameda,CA,94601,US,(487) 555-0100,(487) 555-0199,(487) 555-0188,487-756-1793,(487) 555-0191,(487) 555-0150,jblay@example.com,Enterprise Sales Manager,Sales,Ira Harned,Referral,0,,Non-Member,15000,No,,Yes,SFO,Aisle,Forward,Low Calorie Meal,,,Twin,Don't Care,Manual,Economy Car,Don't Care,320,No,31,,5,333539240-812,Non-Member,320,OnTrip,Smooth Travels,0
Contact.026,Account.018,Ms.,Andrea,Bowden,1525 Park Pl,Kings,NY,11213,United States,100 L Street,Boston,MA,2051,United States,(655) 555-0197,(655) 555-0182,(655) 555-0144,210-314-8360,(818) 555-0191,(818) 555-0150,abowden@example.com,Senior Vice President of Sales,Operations,Rodrigo Maness,Cold Call,130646,910 290 7435,Silver,15000,No,,Yes,BOS,Window,Bulkhead,Fruit Platter,,,Twin,Smoking,Manual,Full-size Car,Smoking,454,No,46,,3,282154258-925,Silver,454,OnTrip,Smooth Travels,0
Contact.027,Account.019,Mr.,Ryan,Giggs,405 S Stricker St,Baltimore (city),MD,21223,US,405 S Stricker St,Baltimore (city),MD,21223,US,(266) 555-0100,(266) 555-0199,(266) 555-0188,266-353-8304,(266) 555-0191,(266) 555-0150,rgiggs@example.com,Consulting Practice Director,Consulting,Marina Fairfax,Cold Call,0,,Non-Member,15000,Yes,,Yes,BWI,Aisle,Forward,Kosher Meal,,,Double,Don't Care,Manual,Any Car Class,Don't Care,807,Yes,20,,5,945146931-323,Non-Member,807,PostTrip,Positive Sentiment,0
Contact.028,Account.014,Ms.,Rachel,Morris,4090 Utah St,San Diego,CA,92104,US,4090 Utah St,San Diego,CA,92104,US,(611) 555-0100,(611) 555-0199,(611) 555-0188,611-591-6298,(611) 555-0191,(611) 555-0150,rmorris@example.com,"Manager, Sales Operations",Marketing,Olga Bolin,Cold Call,0,,Non-Member,15000,No,,Yes,SAN,Aisle,Rear,Gluten Free Meal,,,Double,Non-Smoking,Manual,Any Car Class,Non-Smoking,422,No,26,,5,304452534-363,Non-Member,422,PostTrip,Positive Sentiment,0
Contact.029,Account.016,Mr.,Chris,Templey,26 Boot Rd,Delaware,PA,19073,US,26 Boot Rd,Delaware,PA,19073,US,(874) 555-0100,(874) 555-0199,(874) 555-0188,874-966-0932,(874) 555-0191,(874) 555-0150,ctempley@example.com,VP of Sales,Business Development,Shavon Vandoren,Event,252225,465 705 1511,Silver,15000,Yes,,Yes,PHL,Window,Bulkhead,Fruit Platter,,,Double,Smoking,Don't Care,Any Car Class,Smoking,475,No,77,,0,386418430-735,Silver,475,PreTrip,No Future Booking,0
Contact.030,Account.036,Ms.,Judy,Odom,1984 Gufford Dr,New Hanover,NC,28403,US,1984 Gufford Dr,New Hanover,NC,28403,US,(689) 555-0100,(689) 555-0199,(689) 555-0188,689-770-1060,(689) 555-0191,(689) 555-0150,jodom@example.com,Sales Executive,Sales,Alyson Hennings,Purchased List,0,,Non-Member,15000,Yes,,No,CLT,Aisle,Exit Row,Regular Meal,,,King,Don't Care,Manual,Compact Car,Don't Care,399,No,9,,4,274129498-608,Non-Member,399,OnTrip,Experiencing Disruption,1
Contact.031,Account.007,Ms.,Tammy,Reseller,4191 Tamarus St,Clark,NV,89119,US,4191 Tamarus St,Clark,NV,89119,US,(573) 555-0100,(573) 555-0199,(573) 555-0188,573-422-3153,(573) 555-0191,(573) 555-0150,treseller@example.com,Account Executive,Sales,Jeremiah Bruns,Referral,0,,Non-Member,15000,Yes,,No,LAS,Aisle,Exit Row,Regular Meal,,,Disability,Don't Care,Don't Care,Intermediate Car,Don't Care,392,No,24,,5,338875374-778,Non-Member,392,OnTrip,Experiencing Disruption,1
Contact.032,Account.031,Ms.,Allison,Yates,2485 Pershing Dr,San Diego,CA,92101,US,2485 Pershing Dr,San Diego,CA,92101,US,(239) 555-0199,(239) 555-0199,(239) 555-0188,239-624-0010,(239) 555-0191,(239) 555-0150,ayates@example.com,Owner,C-Level,Gordon Braga,Social Media,45766,370 477 2389,Gold,15000,No,,Yes,SAN,Aisle,Exit Row,Kosher Meal,,,Disability,Don't Care,Automatic,Standard SUV,Don't Care,651,Yes,80,,0,474064270-371,Gold,651,OnTrip,Smooth Travels,0
Contact.033,Account.031,Ms.,Erin,Walsh,5628 SE Alder St,Multnomah,OR,97215,US,5628 SE Alder St,Multnomah,OR,97215,US,(925) 555-0100,(925) 555-0199,(925) 555-0188,925-777-1617,(925) 555-0191,(925) 555-0150,ewalsh@example.com,EVP Business Development,Business Development,Lydia Berwick,Cold Call,0,,Non-Member,15000,No,,Yes,PDX,Aisle,Rear,Low Calorie Meal,,,Double,Smoking,Automatic,Full-size Car,Smoking,283,No,86,,2,524683331-479,Non-Member,283,OnTrip,Smooth Travels,0
Contact.034,Account.026,Mr.,Ed,Hennessy,2056 Laurel Ave,Jefferson,TX,77701,US,2056 Laurel Ave,Jefferson,TX,77701,US,(699) 555-0100,(699) 555-0199,(699) 555-0188,699-376-4729,(699) 555-0191,(699) 555-0150,ehennessy@example.com,Owner,C-Level,Justin Teal,Event,219344,102 808 4745,Gold,15000,No,,No,DFW,Aisle,Rear,Fruit Platter,,,King,Smoking,Don't Care,Any Car Class,Smoking,812,Yes,76,,1,887834778-830,Gold,812,PreTrip,Has Future Booking,0
Contact.035,Account.033,Mr.,Billy,Mack,310 Henry St,New York,NY,10002,US,310 Henry St,New York,NY,10002,US,(206) 555-0100,(206) 555-0199,(206) 555-0188,206-775-7013,(206) 555-0191,(206) 555-0150,bmack@example.com,General Counsel,Legal,Trevor Moffett,Event,57447,289 220 1174,Gold,15000,No,,Yes,JFK,Aisle,Exit Row,Diabetic Meal,,,Queen,Smoking,Manual,Intermediate SUV,Smoking,452,No,90,,0,407970395-555,Gold,452,PreTrip,Has Future Booking,0
Contact.036,Account.033,Mr.,Bill,Martin,310 Henry St,New York,NY,10002,US,310 Henry St,New York,NY,10002,US,(673) 555-0100,(673) 555-0199,(673) 555-0188,673-289-3104,(673) 555-0191,(673) 555-0150,bmartin@example.com,Operations Manager,Operations,Rickey Roser,Event,307718,965 145 2670,Silver,15000,No,,No,LGA,Window,Bulkhead,Diabetic Meal,,,Queen,Don't Care,Don't Care,Intermediate SUV,Don't Care,489,No,30,,3,799764331-281,Silver,489,OnTrip,Smooth Travels,0
Contact.037,Account.033,Ms.,Julie,Dillon,310 Henry St,New York,NY,10002,US,310 Henry St,New York,NY,10002,US,(533) 555-0100,(533) 555-0199,(533) 555-0188,533-862-4439,(533) 555-0191,(533) 555-0150,jdillon@example.com,Director of Marketing,N/A,Pete Alonso,Event,0,,Non-Member,15000,Yes,,Yes,JFK,Window,Exit Row,Diabetic Meal,,,King,Non-Smoking,Manual,Intermediate SUV,Non-Smoking,739,Yes,26,,5,612635618-554,Non-Member,739,PostTrip,Positive Sentiment,0
Contact.038,Account.009,Mr,Robert,Fontana,16909 SE Alder St,Multnomah,OR,97233,US,16909 SE Alder St,Multnomah,OR,97233,US,(226) 555-0100,(226) 555-0199,(226) 555-0188,226-936-3140,(226) 555-0191,(226) 555-0150,rfontana@example.com,CEO,C-Level,Carmen Mckillip,Event,0,,Non-Member,15000,Yes,,No,PDX,Aisle,Forward,Low Calorie Meal,,,Double,Smoking,Don't Care,Economy Car,Smoking,269,No,41,,3,692397355-107,Non-Member,269,PreTrip,Has Future Booking,0
Contact.039,Account.033,Mr.,Brad,Owens,310 Henry St,New York,NY,10002,US,310 Henry St,New York,NY,10002,US,(544) 555-0100,(544) 555-0199,(544) 555-0188,544-346-9480,(544) 555-0191,(544) 555-0150,bowens@example.com,EVP Business Development,Business Development,Micah Beall,Event,239290,926 470 1721,Bronze,15000,Yes,,Yes,LGA,Window,Rear,Low Calorie Meal,,,Queen,Don't Care,Manual,Intermediate SUV,Don't Care,406,No,5,,5,503049052-479,Bronze,406,PostTrip,Positive Sentiment,0
Contact.040,Account.033,Mr.,Kyle,Pearson,310 Henry St,New York,NY,10002,US,310 Henry St,New York,NY,10002,US,(903) 555-0100,(903) 555-0199,(903) 555-0188,903-534-1468,(903) 555-0191,(903) 555-0150,kpearson@example.com,"VP, IT Projects",IT,Marcos Albers,Event,319546,997 922 3931,Gold,15000,Yes,,Yes,JFK,Aisle,Rear,Kosher Meal,,,Double,Don't Care,Manual,Compact Car,Don't Care,475,No,71,,1,752812305-355,Gold,475,PreTrip,Has Future Booking,0
Contact.041,Account.033,Ms.,Janice,Bergman,310 Henry St,New York,NY,10002,US,310 Henry St,New York,NY,10002,US,(810) 555-0100,(810) 555-0199,(810) 555-0188,810-606-5717,(810) 555-0191,(810) 555-0150,jbergman@example.com,"VP, Purchasing",Operations,Danelle Beauregard,Referral,68627,597 179 3823,Bronze,15000,No,,No,LGA,Aisle,Bulkhead,Kosher Meal,,,Double,Don't Care,Don't Care,Compact Car,Don't Care,350,No,32,,4,298737652-908,Bronze,350,PostTrip,Positive Sentiment,0
Contact.042,Account.009,Mr,Peter,Foss,16909 SE Alder St,Multnomah,OR,97233,US,16909 SE Alder St,Multnomah,OR,97233,US,(453) 555-0100,(453) 555-0199,(453) 555-0188,453-380-7332,(453) 555-0191,(453) 555-0150,pfoss@example.com,"SVP, Administration and Finance",Finance,Octavio Boan,Social Media,203185,745 986 4383,Gold,15000,No,,Yes,PDX,Window,Exit Row,Diabetic Meal,,,Single,Don't Care,Don't Care,Compact Car,Don't Care,500,No,32,,5,420382247-305,Gold,500,PreTrip,Has Future Booking,0
Contact.043,Account.009,Mr.,Martin,Woodson,16909 SE Alder St,Multnomah,OR,97233,US,16909 SE Alder St,Multnomah,OR,97233,US,(750) 555-0100,(750) 555-0199,(750) 555-0188,750-289-2987,(750) 555-0191,(750) 555-0150,wmartin@example.com,"VP, Product Management",Development,Annemarie Festa,Social Media,0,,Non-Member,15000,Yes,,Yes,PDX,Window,Bulkhead,Fruit Platter,,,Twin,Smoking,Don't Care,Compact Car,Smoking,432,No,94,,1,118223799-504,Non-Member,432,PostTrip,Positive Sentiment,0
Contact.044,Account.030,Mr.,Bjoran,Nabozney,6039 E Northwest Hwy,Dallas,TX,75225,US,6039 E Northwest Hwy,Dallas,TX,75225,US,(373) 555-0100,(373) 555-0199,(373) 555-0188,373-391-5243,(373) 555-0191,(373) 555-0150,bnabozney@example.com,Account Executive,Sales,Laron Dexter,Cold Call,0,,Non-Member,15000,No,,Yes,DFW,Window,Rear,Low Calorie Meal,,,Twin,Smoking,Manual,Intermediate Car,Smoking,515,No,24,,5,931586136-777,Non-Member,515,PreTrip,Has Future Booking,0
Contact.045,Account.008,Mr.,Chris,Friedman,3418 Poplar Ave,Shelby,TN,38111,US,3418 Poplar Ave,Shelby,TN,38111,US,(227) 555-0100,(227) 555-0199,(227) 555-0188,227-717-1859,(227) 555-0191,(227) 555-0150,cfriedman@example.com,General Counsel,Operations,Jaime Asencio,Event,164694,215 306 9484,Gold,15000,Yes,,No,MEM,Aisle,Bulkhead,Fruit Platter,,,Disability,Smoking,Automatic,Intermediate Car,Smoking,595,Yes,79,,1,273475700-778,Gold,595,OnTrip,Experiencing Disruption,1
Contact.046,Account.009,Mr.,Richard,O'Brien Jr,16909 SE Alder St,Multnomah,OR,97233,US,16909 SE Alder St,Multnomah,OR,97233,US,(726) 555-0100,(726) 555-0199,(726) 555-0188,726-908-6641,(726) 555-0191,(726) 555-0150,robrien@example.com,Chief Executive Officer,C-Level,Sofia Ureno,Cold Call,284285,209 642 1545,Gold,15000,No,,No,PDX,Aisle,Forward,Diabetic Meal,,,Single,Smoking,Manual,Standard Car,Smoking,771,Yes,9,,5,449376282-617,Gold,771,PreTrip,Has Future Booking,0
Contact.047,Account.009,Mr.,Joseph,Gillespie,16909 SE Alder St,Multnomah,OR,97233,US,16909 SE Alder St,Multnomah,OR,97233,US,(323) 555-0100,(323) 555-0199,(323) 555-0188,323-511-7911,(323) 555-0191,(323) 555-0150,jgillespie@example.com,Chief Marketing Officer,C-Level,Felix Na,Referral,342050,971 240 1236,Bronze,15000,Yes,,No,PDX,Aisle,Bulkhead,Kosher Meal,,,Disability,Smoking,Don't Care,Any Car Class,Smoking,522,No,80,,0,159261427-337,Bronze,522,PostTrip,Positive Sentiment,0
Contact.048,Account.008,Dr.,Brenda,Mcclure,3418 Poplar Ave,Shelby,TN,38111,US,3418 Poplar Ave,Shelby,TN,38111,US,(415) 555-0100,(415) 555-0199,(415) 555-0188,415-671-2897,(415) 555-0191,(415) 555-0150,bmcclure@example.com,CFO,C-Level,Carmen Hornsby,Social Media,60693,857 367 6351,Gold,15000,No,,Yes,BNA,Aisle,Bulkhead,Regular Meal,,,King,Don't Care,Manual,Any Car Class,Don't Care,739,Yes,88,,0,382070023-735,Gold,739,PreTrip,Has Future Booking,0
Contact.049,Account.008,Mr.,Thomas,Green,3418 Poplar Ave,Shelby,TN,38111,US,3418 Poplar Ave,Shelby,TN,38111,US,(639) 555-0100,(639) 555-0199,(639) 555-0188,639-840-9818,(639) 555-0191,(639) 555-0150,tgreen@example.com,CFO,C-Level,Nathen Woolum,Social Media,213569,274 237 5752,Silver,15000,No,,Yes,MEM,Middle,Forward,Regular Meal,,,Disability,Don't Care,Don't Care,Standard SUV,Don't Care,574,Yes,85,,0,509840850-648,Silver,574,PreTrip,Has Future Booking,0
Contact.050,Account.009,Mr.,Martin,Green,16909 SE Alder St,Multnomah,OR,97233,US,16909 SE Alder St,Multnomah,OR,97233,US,(280) 555-0100,(280) 555-0199,(280) 555-0188,280-615-1908,(280) 555-0191,(280) 555-0150,mgreen@example.com,Senior Vice President-Operations,Operations,Beverly Staten,Cold Call,110998,289 363 8241,Gold,15000,No,,No,PDX,Aisle,Rear,Diabetic Meal,,,Twin,Non-Smoking,Manual,Intermediate SUV,Non-Smoking,839,Yes,61,,3,325296100-511,Gold,839,PreTrip,Has Future Booking,0
Contact.051,Account.008,Ms,Danielle,Hauck,3418 Poplar Ave,Shelby,TN,38111,US,3418 Poplar Ave,Shelby,TN,38111,US,(219) 555-0100,(219) 555-0199,(219) 555-0188,219-777-9950,(219) 555-0191,(219) 555-0150,dhauck@example.com,Sales Manager,Sales,Dena Hamon,Event,111947,709 416 8468,Silver,15000,Yes,,No,BNA,Aisle,Rear,Low Calorie Meal,,,King,Don't Care,Manual,Compact Car,Don't Care,474,No,93,,2,517182212-584,Silver,474,OnTrip,Experiencing Disruption,1
Contact.052,Account.008,Mr.,George,Mazzotta,3418 Poplar Ave,Shelby,TN,38111,US,3418 Poplar Ave,Shelby,TN,38111,US,(520) 555-0100,(520) 555-0199,(520) 555-0188,520-310-5725,(520) 555-0191,(520) 555-0150,gmazzotta@example.com,Chief Financial Officer,C-Level,Pete Upson,Purchased List,93693,453 174 8718,Gold,15000,Yes,,Yes,MEM,Aisle,Bulkhead,Kosher Meal,,,Queen,Non-Smoking,Manual,Standard SUV,Non-Smoking,453,No,12,,5,687268764-383,Gold,453,PreTrip,Has Future Booking,0
Contact.053,Account.008,Ms,Patricia,Feager,3418 Poplar Ave,Shelby,TN,38111,US,3418 Poplar Ave,Shelby,TN,38111,US,(423) 555-0100,(423) 555-0199,(423) 555-0188,423-806-1447,(423) 555-0191,(423) 555-0150,pfeager@example.com,CEO,C-Level,Aron Steeves,Referral,21456,283 331 3867,Gold,15000,No,,No,BNA,Window,Forward,Low Calorie Meal,,,Disability,Smoking,Manual,Standard SUV,Smoking,526,No,95,,2,432522628-447,Gold,526,PostTrip,Negative Sentiment,0
Contact.054,Account.008,Mr.,Arthur,Song,3418 Poplar Ave,Shelby,TN,38111,US,3418 Poplar Ave,Shelby,TN,38111,US,(772) 555-0100,(772) 555-0199,(772) 555-0188,772-504-0721,(772) 555-0191,(772) 555-0150,asong@example.com,CEO,C-Level,Therese Yong,Social Media,0,,Non-Member,15000,No,,Yes,MEM,Window,Bulkhead,Fruit Platter,,,King,Don't Care,Automatic,Compact Car,Don't Care,258,No,72,,0,778165091-376,Non-Member,258,PreTrip,Has Future Booking,0
Contact.055,Account.035,Mr.,Brad,Owens,1419 Gunderson Ave,Cook,IL,60402,US,1419 Gunderson Ave,Cook,IL,60402,US,(500) 555-0100,(500) 555-0199,(500) 555-0188,500-233-3822,(500) 555-0191,(500) 555-0150,bowens@example.com,Regional Sales Manager,Sales,Damaris Montague,Purchased List,179247,648 730 1409,Bronze,15000,No,,No,ORD,Window,Rear,Regular Meal,,,King,Smoking,Manual,Economy Car,Smoking,354,No,9,,4,696474239-370,Bronze,354,OnTrip,Smooth Travels,0
Contact.056,Account.023,Mr.,Portal,Preview User,3544 Wedo St,Clark,NV,89031,US,3544 Wedo St,Clark,NV,89031,US,(656) 555-0100,(656) 555-0199,(656) 555-0188,656-541-6935,(656) 555-0191,(656) 555-0150,contact+portalpreviewuser@sdo.mygbiz.com,Marketing Manager,Business Development,Stacey Slayden,Referral,331623,737 863 8326,Silver,15000,Yes,,Yes,LAS,Aisle,Forward,Kosher Meal,,,Queen,Don't Care,Manual,Any Car Class,Don't Care,462,No,74,,1,172873547-747,Silver,462,OnTrip,Smooth Travels,0
Contact.057,Account.005,Ms.,Sienna,Competente,1419 Commerce Rd,Richmond (city),VA,23224,US,1419 Commerce Rd,Richmond (city),VA,23224,US,(672) 555-0100,(672) 555-0199,(672) 555-0188,672-989-3984,(672) 555-0191,(672) 555-0150,scompetente@example.com,"VP ,Consulting",Consulting,Darin Hammonds,Social Media,341278,765 183 8553,Silver,15000,No,,No,DCA,Middle,Forward,Low Calorie Meal,,,Queen,Don't Care,Automatic,Full-size Car,Don't Care,498,No,73,,0,567750301-753,Silver,498,PostTrip,Negative Sentiment,0
Contact.058,Account.028,Mr.,Richard H,Lloyd,3452 Voltaire St,San Diego,CA,92106,US,3452 Voltaire St,San Diego,CA,92106,US,(632) 555-0100,(632) 555-0199,(632) 555-0188,632-877-7665,(632) 555-0191,(632) 555-0150,rlloyd@example.com,Manager Sales Exec Finance Exec,Sales,Anthony Schwenk,Event,0,,Non-Member,15000,No,,Yes,SAN,Aisle,Exit Row,Kosher Meal,,,King,Don't Care,Automatic,Standard Car,Don't Care,220,No,74,,0,581114283-343,Non-Member,220,PreTrip,No Future Booking,0
Contact.059,Account.024,Mr.,David,Harris,309 8th Ave,Santa Cruz,CA,95062,US,309 8th Ave,Santa Cruz,CA,95062,US,(692) 555-0100,(692) 555-0199,(692) 555-0188,692-854-2073,(692) 555-0191,(692) 555-0150,dharris@example.com,Director of Business Development,Business Development,Daron Svendsen,Purchased List,356999,459 666 4611,Silver,15000,No,,No,SFO,Aisle,Bulkhead,Diabetic Meal,,,King,Don't Care,Automatic,Standard SUV,Don't Care,565,Yes,90,,0,348247943-883,Silver,565,PreTrip,No Future Booking,0
Contact.060,Account.027,Mr.,Ron,Adkins,899 N Broadview Ave,Sedgwick,KS,67208,US,899 N Broadview Ave,Sedgwick,KS,67208,US,(258) 555-0100,(258) 555-0199,(258) 555-0188,258-277-2428,(258) 555-0191,(258) 555-0150,radkins@example.com,General Manager,C-Level,Jeannette Theriault,Referral,287806,971 421 8976,Gold,15000,No,,No,ICT,Aisle,Exit Row,Diabetic Meal,,,King,Smoking,Manual,Intermediate Car,Smoking,689,Yes,70,,0,281044186-214,Gold,689,OnTrip,Smooth Travels,0
Contact.061,Account.025,Ms.,Sandy,Knudson,17753 Gothard St,Orange,CA,92647,US,17753 Gothard St,Orange,CA,92647,US,(624) 555-0100,(624) 555-0199,(624) 555-0188,624-865-7797,(624) 555-0191,(624) 555-0150,sknudson@example.com,Account Executive,Sales,Sunny Leavitt,Social Media,340944,924 930 5617,Gold,15000,No,,Yes,LAX,Aisle,Forward,Low Calorie Meal,,,Single,Smoking,Manual,Economy Car,Smoking,626,Yes,85,,2,722546883-241,Gold,626,OnTrip,Experiencing Disruption,1
Contact.062,Account.029,Mr.,Larry,Kuchenreuther,1963 Border Ave,Los Angeles,CA,90501,US,1963 Border Ave,Los Angeles,CA,90501,US,(446) 555-0100,(446) 555-0199,(446) 555-0188,446-310-9854,(446) 555-0191,(446) 555-0150,lkuchenreuther@example.com,Account Manager,Sales,Nadine Zubia,Event,355454,451 957 2059,Gold,15000,Yes,,Yes,LAX,Middle,Rear,Diabetic Meal,,,Twin,Don't Care,Manual,Economy Car,Don't Care,520,No,73,,0,401812181-408,Gold,520,PostTrip,Negative Sentiment,0
Contact.063,Account.031,Dr.,Susan,Johanson,2485 Pershing Dr,San Diego,CA,92101,US,2485 Pershing Dr,San Diego,CA,92101,US,(390) 555-0100,(390) 555-0199,(390) 555-0188,390-677-7847,(390) 555-0191,(390) 555-0150,sjohanson@example.com,VP of Operations,Operations,Cory Apple,Cold Call,0,,Non-Member,15000,Yes,,No,SAN,Aisle,Bulkhead,Gluten Free Meal,,,Disability,Smoking,Don't Care,Intermediate Car,Smoking,283,No,16,,5,159245826-893,Non-Member,283,PreTrip,No Future Booking,0
Contact.064,Account.031,Mr.,Mark,Dillon,2485 Pershing Dr,San Diego,CA,92101,US,2485 Pershing Dr,San Diego,CA,92101,US,(765) 555-0100,(765) 555-0199,(765) 555-0188,765-837-0389,(765) 555-0191,(765) 555-0150,mdillon@example.com,Head of Partner Relations,Sales,Denis Muirhead,Event,0,,Non-Member,15000,No,,Yes,SAN,Aisle,Rear,Low Calorie Meal,,,Queen,Non-Smoking,Don't Care,Any Car Class,Non-Smoking,253,No,9,,4,261812802-657,Non-Member,253,PreTrip,No Future Booking,0
Contact.065,Account.031,Ms.,Stella,Pavlova,2485 Pershing Dr,San Diego,CA,92101,US,2485 Pershing Dr,San Diego,CA,92101,US,(842) 555-0100,(842) 555-0199,(842) 555-0188,842-216-6743,(842) 555-0191,(842) 555-0150,spavlova@example.com,"VP, Product Management",Operations,Alysia Silvernail,Purchased List,0,,Non-Member,15000,Yes,,Yes,SAN,Window,Forward,Regular Meal,,,Queen,Don't Care,Manual,Economy Car,Don't Care,628,Yes,8,,4,544940832-630,Non-Member,628,PreTrip,No Future Booking,0
Contact.066,Account.007,Mr,Thomas,Simes,4191 Tamarus St,Clark,NV,89119,US,4191 Tamarus St,Clark,NV,89119,US,(519) 555-0100,(519) 555-0199,(519) 555-0188,519-711-0515,(519) 555-0191,(519) 555-0150,tsimes@example.com,CEO,C-Level,Jody Liles,Referral,238673,588 821 5791,Gold,15000,No,,No,LAS,Aisle,Exit Row,Regular Meal,,,Disability,Don't Care,Don't Care,Intermediate Car,Don't Care,809,Yes,15,,5,596148537-520,Gold,809,PostTrip,Negative Sentiment,0
Contact.067,Account.007,Mr,Michael,Basch,4191 Tamarus St,Clark,NV,89119,US,4191 Tamarus St,Clark,NV,89119,US,(753) 555-0100,(753) 555-0199,(753) 555-0188,753-261-6567,(753) 555-0191,(753) 555-0150,mbasch@example.com,"VP, Procurement",Operations,Levar Barksdale,Social Media,63975,503 299 9804,Bronze,15000,Yes,,No,LAS,Aisle,Rear,Diabetic Meal,,,Single,Smoking,Manual,Intermediate SUV,Smoking,509,No,31,,3,844972385-892,Bronze,509,PostTrip,Negative Sentiment,0
Contact.068,Account.007,Dr.,Jeannie,Rogers,4191 Tamarus St,Clark,NV,89119,US,4191 Tamarus St,Clark,NV,89119,US,(875) 555-0100,(875) 555-0199,(875) 555-0188,875-349-0430,(875) 555-0191,(875) 555-0150,jrogers@example.com,"VP, Facilities",Operations,Christine Zollinger,Social Media,0,,Non-Member,15000,Yes,,Yes,LAS,Window,Forward,Kosher Meal,,,Disability,Non-Smoking,Automatic,Standard SUV,Non-Smoking,291,No,18,,4,432073947-247,Non-Member,291,PostTrip,Negative Sentiment,0
Contact.069,Account.007,Mr,Tom,James,4191 Tamarus St,Clark,NV,89119,US,4191 Tamarus St,Clark,NV,89119,US,(932) 555-0100,(932) 555-0199,(932) 555-0188,932-840-6320,(932) 555-0191,(932) 555-0150,tjames@example.com,"SVP, Operations",Operations,Valentin Considine,Social Media,59027,821 700 5803,Gold,15000,Yes,,Yes,LAS,Middle,Bulkhead,Gluten Free Meal,,,Queen,Smoking,Manual,Standard SUV,Smoking,450,No,79,,0,213650445-687,Gold,450,OnTrip,Smooth Travels,0
Contact.070,Account.007,Mr.,Alex,Johnson,4191 Tamarus St,Clark,NV,89119,US,4191 Tamarus St,Clark,NV,89119,US,(526) 555-0100,(526) 555-0199,(526) 555-0188,526-454-5553,(526) 555-0191,(526) 555-0150,ajohnson@example.com,"Senior Director, Services",Consulting,Rosalinda Fairfax,Cold Call,0,,Non-Member,15000,Yes,,No,LAS,Aisle,Rear,Fruit Platter,,,Single,Don't Care,Manual,Economy Car,Don't Care,424,No,17,,5,594597079-179,Non-Member,424,PreTrip,No Future Booking,0
Contact.071,Account.007,Ms.,Rose,Gonzalez,4191 Tamarus St,Clark,NV,89119,US,4191 Tamarus St,Clark,NV,89119,US,(776) 555-0100,(776) 555-0199,(776) 555-0188,776-672-9389,(776) 555-0191,(776) 555-0150,rgonzalez@example.com,SVP of Marketing,Marketing,Lina Brink,Event,0,,Non-Member,15000,No,,Yes,LAS,Window,Forward,Diabetic Meal,,,Disability,Smoking,Manual,Full-size Car,Smoking,367,No,93,,0,698279222-112,Non-Member,367,PreTrip,No Future Booking,0
Contact.072,Account.024,Mr.,Tom,Davis,309 8th Ave,Santa Cruz,CA,95062,US,309 8th Ave,Santa Cruz,CA,95062,US,(643) 555-0100,(643) 555-0199,(643) 555-0188,643-788-2366,(643) 555-0191,(643) 555-0150,tdavis@example.com,Development Director,Business Development,Jon Lauver,Purchased List,107667,148 151 5818,Gold,15000,No,,Yes,SFO,Aisle,Rear,Fruit Platter,,,King,Non-Smoking,Don't Care,Full-size Car,Non-Smoking,730,Yes,62,,3,951636175-399,Gold,730,OnTrip,Smooth Travels,0
Contact.073,Account.033,Ms.,Hollie,Everhart,,,,,,2832 Grotton Road,Hakalau,HI,96710,US,(579) 555-0100,(579) 555-0199,(579) 555-0188,,(579) 555-0191,(579) 555-0150,heverhart@example.com,VP of Marketing,,,Event,0,,Non-Member,15000,No,,No,ITO,Aisle,Forward,Regular Meal,,,Disability,Don't Care,Automatic,Intermediate Car,Don't Care,510,No,92,,1,807945943-415,Non-Member,510,PostTrip,Negative Sentiment,0
Contact.074,Account.033,Ms.,Bree,Reitz,,,,,,2852 Bagley Circle,San Francisco,CA,94167,US,(453) 555-0100,(453) 555-0199,(453) 555-0188,,(453) 555-0191,(453) 555-0150,breitz@example.com,Head of Partner Relations,,,Website,329848,718 479 2765,Gold,15000,No,,Yes,SFO,Window,Exit Row,Gluten Free Meal,,,Disability,Smoking,Don't Care,Full-size Car,Smoking,748,Yes,27,,4,331242180-698,Gold,748,PostTrip,Negative Sentiment,0
Contact.075,Account.033,Mr.,Hamid,Basirat,,,,,,1958 Stamford,Monroe,IA,50170,US,(875) 555-0100,(875) 555-0199,(875) 555-0188,,(875) 555-0191,(875) 555-0150,hbasirat@example.com,SVP Marketing,,,Social Media,242867,628 644 9180,Bronze,15000,No,,Yes,DSM,Aisle,Forward,Fruit Platter,,,Queen,Don't Care,Automatic,Intermediate SUV,Don't Care,434,No,52,,3,243550360-362,Bronze,434,OnTrip,Smooth Travels,0
Contact.076,Account.033,Mr.,Shay,Dulaney,,,,,,1225 Fourth,Pensacola,FL,32516,US,(686) 555-0100,(686) 555-0199,(686) 555-0188,,(686) 555-0191,(686) 555-0150,sdulaney@example.com,Sales Executive,,,Social Media,321230,758 562 2275,Gold,15000,No,,Yes,PNS,Aisle,Exit Row,Gluten Free Meal,,,Disability,Non-Smoking,Don't Care,Full-size Car,Non-Smoking,785,Yes,34,,4,168140064-312,Gold,785,OnTrip,Experiencing Disruption,1
Contact.077,Account.033,Mr.,David,Homme,,,,,,2215 Oak Drive,Eugene,OR,97404,US,(759) 555-0100,(759) 555-0199,(759) 555-0188,,(759) 555-0191,(759) 555-0150,dhomme@example.com,Product Marketing Manager,,,Social Media,154630,495 968 8685,Bronze,15000,Yes,,No,PDX,Aisle,Exit Row,Gluten Free Meal,,,Single,Don't Care,Manual,Standard SUV,Don't Care,423,No,76,,0,308034261-602,Bronze,423,PreTrip,No Future Booking,0
Contact.078,Account.010,Ms.,Joyce,Turner,,,,,,6069 NE 49th Ave,Littleton,CO,80211,US,(794) 555-0100,(794) 555-0199,(794) 555-0188,,(794) 555-0191,(794) 555-0150,jturner@example.com,"Manager, Channel Sales",,,,90832,205 981 6318,Gold,15000,No,,No,DEN,Window,Exit Row,Gluten Free Meal,,,Queen,Don't Care,Don't Care,Full-size Car,Don't Care,582,Yes,86,,1,565654468-671,Gold,582,PreTrip,No Future Booking,0
Contact.079,Account.033,Ms.,Marci,Viviano,,,,,,1767 Oak Place,Tacoma,WA,98408,US,(270) 555-0100,(270) 555-0199,(270) 555-0188,,(270) 555-0191,(270) 555-0150,mviviano@example.com,CFO,,,Website,112953,130 671 2684,Silver,15000,No,,No,SEA,Window,Bulkhead,Regular Meal,,,Twin,Smoking,Don't Care,Standard SUV,Smoking,550,No,78,,2,945152748-942,Silver,550,PreTrip,No Future Booking,0
Contact.080,Account.033,Mr.,Lloyd,Archibald,,,,,,1591 Hulet,Topeka,IN,46571,US,(801) 555-0100,(801) 555-0199,(801) 555-0188,,(801) 555-0191,(801) 555-0150,larchibald@example.com,"SVP, Marketing",,,Social Media,137907,167 626 9975,Bronze,15000,Yes,,Yes,IND,Aisle,Rear,Diabetic Meal,,,King,Smoking,Don't Care,Standard Car,Smoking,379,No,55,,3,177627670-232,Bronze,379,OnTrip,Experiencing Disruption,1
Contact.081,Account.010,Mr.,Adam,Mercer,,,,,,6069 NE 49th Ave,Littleton,CO,80211,US,(794) 555-0100,(794) 555-0199,(794) 555-0188,,(794) 555-0191,(794) 555-0150,amercer@example.com,Sales Engineer,,,,223094,890 416 1454,Gold,15000,Yes,,No,DEN,Window,Rear,Fruit Platter,,,Single,Smoking,Manual,Standard Car,Smoking,559,Yes,75,,1,974541524-867,Gold,559,PostTrip,Negative Sentiment,0
Contact.082,Account.033,Ms.,Cristin,Hwang,,,,,,2009 Dawson,Rushmore,MN,56168,US,(806) 555-0100,(806) 555-0199,(806) 555-0188,,(806) 555-0191,(806) 555-0150,chwang@example.com,"EVP, Business Development",,,Social Media,101534,911 815 3675,Silver,15000,Yes,,Yes,MSP,Aisle,Bulkhead,Regular Meal,,,Disability,Don't Care,Don't Care,Standard SUV,Don't Care,557,Yes,26,,5,746620391-408,Silver,557,PostTrip,Negative Sentiment,0
Contact.083,Account.038,Ms.,Bonnie,Barra,,,,,,3484 Pinklon Circle,San Miguel,CA,93451,US,(261) 555-0100,(261) 555-0199,(261) 555-0188,,(261) 555-0191,(261) 555-0150,bbarra@example.com,EVP Business Development,,,Website,0,,Non-Member,15000,No,,Yes,LAX,Aisle,Rear,Gluten Free Meal,,,King,Smoking,Manual,Standard SUV,Smoking,836,Yes,54,,3,221426965-381,Non-Member,836,PostTrip,Negative Sentiment,0
Contact.084,Account.039,Mr.,Jamie,Preston,,Sedgwick,,,United States,,,,,,(537) 555-0197,(537) 555-0182,,,(261) 555-0191,(261) 555-0150,jpreston@example.com,Account Executive,,,Cold Call,256075,909 311 3218,Silver,15000,Yes,,No,,Window,Rear,Diabetic Meal,,,Twin,Don't Care,Don't Care,Compact Car,Don't Care,449,No,73,,2,254588442-415,Silver,449,OnTrip,Smooth Travels,0
Contact.085,Account.040,Mr.,Bradley,Harmon,,Sedgwick,,,US,899 N Broadview Ave,Wichita,KS,67208,US,(261) 555-0100,(261) 555-0199,(261) 555-0188,,(261) 555-0191,(261) 555-0150,bharmon@example.com,EVP Business Development,,,,65221,444 852 3557,Silver,15000,No,,No,ICT,Aisle,Rear,Kosher Meal,,,Single,Non-Smoking,Automatic,Compact Car,Non-Smoking,516,No,6,,4,659338222-248,Silver,516,PostTrip,Negative Sentiment,0
Contact.086,Account.041,Mr.,Bruce,Watkins,,,,,,69 Oberlin,Stevens Point,WI,54481,US,(631) 555-0100,(631) 555-0199,(631) 555-0188,,(631) 555-0191,(631) 555-0150,bwatkins@example.com,CEO,,,Event,108602,551 177 3174,Bronze,15000,No,,No,MKE,Middle,Exit Row,Regular Meal,,,King,Don't Care,Don't Care,Standard SUV,Don't Care,449,No,85,,0,269650719-482,Bronze,449,PostTrip,Negative Sentiment,0
Contact.087,Account.042,Dr.,Jan,Perkins,,,,,,5680 Hardwoods Cove,Friedensburg,PA,17933,US,(767) 555-0100,(767) 555-0199,(767) 555-0188,,(767) 555-0191,(767) 555-0150,jperkins@example.com,CFO,,,Social Media,65308,395 286 9223,Gold,15000,No,,No,PHL,Aisle,Forward,Gluten Free Meal,,,Double,Smoking,Manual,Intermediate SUV,Smoking,746,Yes,39,,3,313683115-948,Gold,746,PreTrip,Has Future Booking,0
Contact.088,Account.037,Dr.,Sandy,Jones,,Sedgwick,,,US,900 N Broadview Ave,Wichita,KS,67208,US,(261) 555-0100,(261) 555-0199,(261) 555-0188,,(261) 555-0191,(261) 555-0150,sjones@example.com,EVP Business Development,,,,110214,447 114 2203,Gold,15000,Yes,,Yes,ICT,Aisle,Exit Row,Kosher Meal,,,Queen,Non-Smoking,Don't Care,Standard Car,Non-Smoking,740,Yes,76,,0,198316567-719,Gold,740,PreTrip,Has Future Booking,0
Contact.089,Account.011,Mr.,Barry,Bronze,,Sedgwick,,,United States,,,,,,(319) 555-0197,(319) 555-0182,,,(261) 555-0191,(261) 555-0150,bbronze@example.com,Account Executive,,,Cold Call,0,,Non-Member,15000,No,,No,,Aisle,Exit Row,Low Calorie Meal,,,Single,Don't Care,Automatic,Compact Car,Don't Care,495,No,82,,2,895132080-798,Non-Member,495,PreTrip,Has Future Booking,0
Contact.090,Account.017,Mr.,Sean,Silver,,Sedgwick,,,United States,,,,,,(792) 555-0197,(792) 555-0182,,,(261) 555-0191,(261) 555-0150,ssilver@example.com,Account Executive,,,Cold Call,0,,Non-Member,15000,Yes,,No,,Aisle,Forward,Kosher Meal,,,Twin,Non-Smoking,Manual,Intermediate Car,Non-Smoking,278,No,23,,4,875042995-227,Non-Member,278,OnTrip,Smooth Travels,0
Contact.091,Account.017,Mr.,Marc,Benioff,,,,,,1 Market,San Francisco,CA,94105-1596,US,(415) 590-7008,(655) 555-0181,(674) 555-0145,,,(818) 555-0150,mbenioff@example.com,Chief Executive Officer and Chairman,,,Cold Call,140659,211 844 7698,Bronze,15000,Yes,,Yes,SFO,Aisle,Bulkhead,Fruit Platter,,,King,Don't Care,Automatic,Full-size Car,Don't Care,547,No,32,,5,860086920-185,Bronze,547,PostTrip,Negative Sentiment,0
Contact.092,Account.053,Mr.,Antony,Passemard,,Sedgwick,,,United States,,,,,,(415) 878-9865,,,,,(818) 555-0150,apassemard@example.com,Owner,,,,169385,271 639 3940,Silver,15000,Yes,,No,,Aisle,Bulkhead,Gluten Free Meal,,,King,Non-Smoking,Manual,Intermediate SUV,Non-Smoking,573,Yes,31,,5,547514777-383,Silver,573,PreTrip,Has Future Booking,0
Contact.093,Account.054,Mr.,Brad,Anastasio,,Sedgwick,,,United States,,,,,,(415) 886-5549,,,,,(818) 555-0150,banastasio@example.com,"SVP, Sales",,,,118608,638 302 2865,Bronze,15000,Yes,,Yes,,Aisle,Exit Row,Fruit Platter,,,Queen,Non-Smoking,Manual,Compact Car,Non-Smoking,523,No,74,,1,716513626-221,Bronze,523,PostTrip,Negative Sentiment,0
Contact.094,Account.052,Ms.,Emilee,Kendra,,Sedgwick,,,United States,,,,,,(415) 222-8875,,,,,(818) 555-0150,ekendra@example.com,Owner,,,,216777,802 679 7897,Gold,15000,Yes,,Yes,,Aisle,Exit Row,Kosher Meal,,,Twin,Don't Care,Automatic,Full-size Car,Don't Care,773,Yes,79,,1,741352930-260,Gold,773,PostTrip,Negative Sentiment,0
Contact.095,Account.001,Mr.,Chris,Post,,Sedgwick,,,United States,,,,,,(415) 987-4578,,,,,(818) 555-0150,cpost@example.com,Business Analyst,,,,122795,558 876 6602,Gold,15000,No,,Yes,,Window,Forward,Low Calorie Meal,,,Disability,Smoking,Manual,Standard SUV,Smoking,747,Yes,76,,0,824821012-516,Gold,747,OnTrip,Smooth Travels,0
Contact.096,Account.043,Mr.,Wes,Chopra,,Sedgwick,,,US,660 Sutter St,Wichita,KS,67208,US,(847) 402-1753,,(310) 555-0191,,,(818) 555-0149,wes.chopra@greendotmedia.com,"Manager, Information Technology",,,,78535,217 714 1163,Gold,15000,No,,No,ICT,Aisle,Rear,Regular Meal,,,King,Smoking,Don't Care,Standard SUV,Smoking,787,Yes,91,,2,112169583-242,Gold,787,OnTrip,Smooth Travels,0
Contact.097,Account.043,Mr.,Jason,Brennaman,,Sedgwick,,,US,921 N Broadview Ave,San Francisco,CA,,US,(847) 402-1754,,(310) 555-0192,,,(818) 555-0150,jason.brennaman@greendotmedia.com,Information Technology,,,Cold Call,312064,510 618 3629,Silver,15000,No,,No,SFO,Aisle,Exit Row,Low Calorie Meal,,,Single,Non-Smoking,Automatic,Intermediate Car,Non-Smoking,541,No,83,,0,959769448-117,Silver,541,OnTrip,Experiencing Disruption,1
Contact.098,Account.045,Mr.,Doug,Hart,,Sedgwick,,,US,899 N Broadview Ave,Wichita,KS,67208,US,(847) 402-4998,(573) 555-0196,(573) 555-0185,,,(818) 555-0150,dhart@example.com,"EVP, Business Development",,,,0,,Non-Member,15000,No,,Yes,ICT,Window,Forward,Gluten Free Meal,,,Queen,Don't Care,Don't Care,Any Car Class,Don't Care,746,Yes,92,,0,518479744-458,Non-Member,746,PostTrip,Negative Sentiment,0
Contact.099,Account.044,Ms.,Mary,Pickett,,Sedgwick,,,US,904 N Broadview Ave,San Francisco,CA,94105-2720,US,(866) 249-3302,,(674) 555-0149,,,(818) 555-0150,mpickett@example.com,Asset Manager,,,,75817,812 224 8445,Silver,15000,No,,Yes,SFO,Window,Rear,Diabetic Meal,,,Double,Smoking,Manual,Full-size Car,Smoking,450,No,87,,1,332686411-482,Silver,450,PreTrip,Has Future Booking,0
Contact.100,Account.044,Mr.,Craig,Graddick,,Sedgwick,,,US,899 N Broadview Ave,Wichita,KS,67208,US,(847) 402-4999,(573) 555-0197,(573) 555-0186,,,(818) 555-0150,cgraddick@example.com,Developer Asset Management,,,,101304,789 151 3078,Silver,15000,No,,No,ICT,Aisle,Bulkhead,Kosher Meal,,,King,Smoking,Automatic,Intermediate SUV,Smoking,505,No,86,,2,272722969-634,Silver,505,PostTrip,Negative Sentiment,0